height,velocity,acceleration,drag,torque,fuel,mass,time,temperature,tilt,G-force
35.133,0,0,0,0,410888.977,548988.977,0,14.772,0,0.999
43.49,8.319,4.228,136.168,7.77,405496.008,543596.008,2,14.717,0,1.43
68.767,16.92,4.371,561.874,9.241,400103.039,538203.039,4,14.553,0,1.445
111.537,25.811,4.519,1302.167,8.188,394710.07,532810.07,6,14.275,0,1.46
172.391,35.002,4.672,2380.7,15.885,389317.102,527417.102,8,13.879,0,1.475
251.939,44.503,4.829,3819.19,45.628,383924.133,522024.133,10,13.362,0,1.492
350.811,54.325,4.992,5636.836,25.51,378531.164,516631.164,12,12.72,0,1.508
469.659,64.477,5.16,7849.679,13.137,373137.664,511237.664,14,11.947,0,1.525
609.155,74.972,5.334,10469.951,90.442,367743.133,505843.133,16,11.041,0,1.543
769.994,85.819,5.513,13505.319,303.31,362348.602,500448.602,18,9.996,0,1.561
952.894,97.03,5.698,16958.178,19.271,356954.07,495054.07,20,8.807,0,1.58
1158.594,108.618,5.889,20824.879,41.225,351559.539,489659.539,22,7.471,0,1.599
1387.859,120.593,6.086,25095.001,268.694,346165.008,484265.008,24,5.981,0,1.619
1641.476,132.968,6.289,29750.644,59.257,340770.477,478870.477,26,4.333,0,1.64
1920.258,145.756,6.498,34765.712,13.064,335375.945,473475.945,28,2.522,0,1.661
2225.042,158.969,6.714,40105.379,277.859,329981.414,468081.414,30,0.542,0,1.683
2556.695,172.621,6.937,45725.503,304.293,324586.883,462686.883,32,-1.612,0,1.706
2916.104,186.725,7.166,51572.361,291.673,319192.352,457292.352,34,-3.946,0,1.729
3304.187,201.293,7.402,57924.862,58.955,313797.82,451897.82,36,-6.466,0,1.753
3721.887,216.338,7.641,65315.425,570.565,308403.289,446503.289,38,-9.178,0,1.777
4170.164,231.869,7.888,73014.179,622.135,303008.758,441108.758,40,-12.088,0,1.802
4650.007,247.901,8.142,80943.944,372.502,297614.227,435714.227,42,-15.203,0,1.828
5162.43,264.443,8.396,91841.408,536.711,292219.695,430319.695,44,-18.529,0,1.854
5708.446,281.488,8.647,106844.572,132.538,286825.164,424925.164,46,-22.072,0,1.879
6289.047,299.011,8.867,137554.868,2267.85,281430.633,419530.633,48,-25.838,0,1.901
6905.121,316.956,9.08,173053.994,119.652,276036.102,414136.102,50,-29.835,0,1.923
7557.539,335.368,9.342,190767.27,228.151,270641.57,408741.57,52,-34.066,0,1.949
8247.346,354.358,9.651,192063.61,1814.664,265247.039,403347.039,54,-38.538,0,1.981
8975.774,373.984,9.973,189953.713,1314.43,259852.508,397952.508,56,-43.26,0,2.013
9744.113,394.27,10.311,185975.89,694.034,254457.977,392557.977,58,-48.24,0,2.048
10553.712,415.24,10.659,179792.267,1640.206,249063.445,387163.445,60,-53.485,0,2.083
11405.96,436.921,11.023,170187.609,1284.437,243668.914,381768.914,62,-56.5,0,2.12
12302.317,459.345,11.398,159095.242,3645.093,238274.383,376374.383,64,-56.5,0,2.158
13244.284,482.526,11.782,147631.169,390.115,232879.852,370979.852,66,-56.5,0,2.196
14233.394,506.482,12.174,135568.578,1431.509,227485.32,365585.32,68,-56.5,0,2.236
15271.212,531.23,12.574,123159.673,3775.623,222090.789,360190.789,70,-56.5,0,2.277
16359.341,556.788,12.982,110652.962,2009.517,216696.258,354796.258,72,-56.5,0,2.318
17499.416,583.172,13.399,98284.702,3136.878,211301.727,349401.727,74,-56.5,0,2.36
18693.106,610.397,13.82,87621.572,4361.449,205907.195,344007.195,76,-56.5,0,2.403
19942.098,638.471,14.251,77700.378,1818.495,200512.664,338612.664,78,-56.5,0,2.446
21248.114,667.416,14.691,67893.353,2700.639,195118.133,333218.133,80,-55.323,0,2.491
22612.914,697.25,15.142,58719.219,5413.761,189723.602,327823.602,82,-53.967,0,2.536
24038.298,727.994,15.6,50285.885,3565.763,184329.07,322429.07,84,-52.552,0,2.582
25526.104,759.668,16.069,42636.946,8130.126,178934.539,317034.539,86,-51.076,0,2.63
27078.211,792.295,16.553,35790.173,4524.365,173540.008,311640.008,88,-49.537,0,2.679
28696.558,825.898,17.048,29740.085,2599.472,168145.477,306245.477,90,-47.932,0,2.729
30383.116,860.505,17.556,24461.726,3119.911,162750.945,300850.945,92,-46.261,0,2.78
32139.921,896.142,18.081,19914.278,4609.938,157356.414,295456.414,94,-44.522,0,2.833
33969.073,932.843,18.62,15989.31,4599.13,151961.883,290061.883,96,-39.492,0,2.887
35872.732,970.638,19.173,12820.103,3460.269,146567.352,284667.352,98,-34.22,0,2.943
37853.102,1009.564,19.749,10220.19,9010.874,141172.82,279272.82,100,-28.739,0,3.001
39912.498,1049.659,20.344,8102.484,4387.731,135778.289,273878.289,102,-23.042,0,3.061
42053.299,1090.966,20.963,6389.334,2879.867,130383.758,268483.758,104,-17.125,0,3.124
44277.971,1133.53,21.601,5012.522,1266.172,124989.227,263089.227,106,-10.979,0,3.188
46589.086,1177.4,22.266,3912.945,7744.832,119594.695,257694.695,108,-4.6,0,3.255
48989.291,1222.629,22.96,3079.195,12796.184,114200.164,252300.164,110,-2.5,0,3.325
51481.378,1269.272,23.682,2412.79,2904.068,108805.633,246905.633,112,-2.69,0.028,3.398
54068.224,1317.391,24.433,1900.866,5857.934,103411.102,241511.102,114,-9.814,0.028,3.474
56752.862,1367.051,25.222,1466.048,5678.265,98016.57,236116.57,116,-17.202,0,3.553
59538.426,1418.322,26.047,1104.741,1538.058,92622.039,230722.039,118,-24.861,0.028,3.637
62428.221,1471.28,26.911,811.535,7591.231,87227.508,225327.508,120,-32.799,0,3.724
65425.693,1526.005,27.814,579.629,5382.998,81832.977,219932.977,122,-41.026,0,3.815
68534.463,1582.585,28.762,408.732,9358.185,76438.445,214538.445,124,-49.55,0.02,3.911
71758.34,1641.112,29.765,279.013,622.643,71043.914,209143.914,126,-58.381,0,4.012
75101.339,1701.687,30.816,181.994,8672.249,65649.383,203749.383,128,-64.949,0,4.118
78567.645,1764.421,31.92,114.63,8989.35,60254.852,198354.852,130,-71.717,0,4.23
82161.68,1829.431,33.087,69.477,1852.335,54860.32,192960.32,132,-78.727,0,4.348
85888.139,1896.845,34.32,40.351,2708.904,49465.789,187565.789,134,-85.986,0,4.472
89751.969,1966.804,35.627,21.793,18577.285,44071.416,182171.416,136,-86.204,0,4.604
93758.409,2039.459,37.018,11.473,1525.604,38677.08,176777.08,138,-86.204,0.044,4.745
97913.011,2114.976,38.497,5.889,8572.565,33282.744,171382.744,140,-86.204,0.063,4.895
102221.717,2193.538,40.064,2.944,19911.427,27888.408,165988.408,142,-86.204,0.071,5.053
106690.788,2275.346,41.748,1.433,18850.941,22494.072,160594.072,144,-86.204,0.063,5.224
111326.909,2360.619,43.536,0.678,34471.825,17099.736,155199.736,146,-86.204,0.066,5.405
116137.269,2449.603,45.451,0.311,24145.828,11705.4,149805.4,148,-86.204,0.063,5.598
121129.573,2542.568,47.521,0.139,42322.974,6311.08,144411.08,150,-86.204,0.069,5.808
126309.542,2623.046,9.402,0.059,216.29,1737.677,139837.677,152,-86.204,0.063,0.039
131536.548,2604.287,9.381,0.023,195.699,1737.677,139837.677,154,-86.204,0.052,0.039
136726.068,2585.558,9.372,0.009,177.061,1737.677,139837.677,156,-86.204,0.048,0.039
141878.161,2566.86,9.351,0.004,160.209,1737.677,139837.677,158,-86.204,0.044,0.038
146992.855,2548.19,9.338,0.001,144.955,1737.677,139837.677,160,-86.204,0.04,0.038
152070.236,2529.551,9.325,0.001,131.154,1737.677,139837.677,162,-86.204,0.04,0.038
157110.367,2510.94,9.308,0,118.663,1737.677,139837.677,164,-86.204,0.028,0.038
162113.281,2492.359,9.295,0,107.369,1737.677,139837.677,166,-86.204,0.02,0.037
167079.042,2473.805,9.282,0,97.151,1737.677,139837.677,168,-86.204,0.028,0.037
194962.822,2367.481,9.226,0,0,1737.677,139837.677,171.5,-86.204,0,0
194962.822,2367.481,9.226,0,0,1737.677,139837.677,173.5,-86.204,0,0
200665.487,2345.258,9.21,0,0,1737.677,139837.677,175.5,-86.204,0.028,0
209630.321,2309.969,9.185,0,0,1737.677,139837.677,177.5,-86.204,0.034,0
209630.321,2309.969,9.185,0,0,1737.677,139837.677,179.5,-86.204,0.034,0
217843.087,2277.246,9.162,0,0,1737.677,139837.677,181.5,-86.204,0.052,0
217843.087,2277.246,9.162,0,0,1737.677,139837.677,183.5,-86.204,0.052,0
227691.005,2237.488,9.135,0,0,1737.677,139837.677,185.5,-86.204,0.074,0
227691.005,2237.488,9.135,0,0,1737.677,139837.677,187.5,-86.204,0.074,0
236599.637,2201.009,9.11,0,0,1737.677,139837.677,189.5,-86.204,0.091,0
236599.637,2201.009,9.11,0,0,1737.677,139837.677,191.5,-86.204,0.091,0
245437.988,2164.309,9.086,0,0,1737.677,139837.677,193.5,-86.204,0.105,0
245437.988,2164.309,9.086,0,0,1737.677,139837.677,195.5,-86.204,0.105,0
252887.765,2132.964,9.065,0,0,1737.677,139837.677,197.5,-86.204,0.119,0
252887.765,2132.964,9.065,0,0,1737.677,139837.677,199.5,-86.204,0.119,0
259591.376,2104.423,9.047,0,0,1737.677,139837.677,201.5,-86.204,0.133,0
262866.822,2090.354,9.038,0,0,1737.677,139837.677,203.5,-86.204,0.137,0
262866.822,2090.354,9.038,0,0,1737.677,139837.677,205.5,-86.204,0.137,0
271002.567,2055.061,9.016,0,0,1737.677,139837.677,207.5,-86.204,0.153,0
278640.774,2021.445,8.995,0,0,1737.677,139837.677,209.5,-86.204,0.167,0
278640.774,2021.445,8.995,0,0,1737.677,139837.677,211.5,-86.204,0.167,0
286221.792,1987.595,8.975,0,0,1737.677,139837.677,213.5,-86.204,0.182,0
286221.792,1987.595,8.975,0,0,1737.677,139837.677,215.5,-86.204,0.182,0
293820.119,1953.163,8.954,0,0,1737.677,139837.677,217.5,-86.204,0.195,0
293820.119,1953.163,8.954,0,0,1737.677,139837.677,219.5,-86.204,0.195,0
301195.462,1919.226,8.935,0,0,1737.677,139837.677,221.5,-86.204,0.21,0
304664.299,1903.082,8.925,0,0,1737.677,139837.677,223.5,-86.204,0.218,0
304664.299,1903.082,8.925,0,0,1737.677,139837.677,225.5,-86.204,0.218,0
312911.059,1864.21,8.903,0,0,1737.677,139837.677,227.5,-86.204,0.234,0
312911.059,1864.21,8.903,0,0,1737.677,139837.677,229.5,-86.204,0.234,0
319932.954,1830.536,8.885,0,0,1737.677,139837.677,231.5,-86.204,0.249,0
322136.74,1819.854,8.879,0,0,1737.677,139837.677,233.5,-86.204,0.254,0
322136.74,1819.854,8.879,0,0,1737.677,139837.677,235.5,-86.204,0.254,0
329684.697,1782.842,8.859,0,0,1737.677,139837.677,237.5,-86.204,0.269,0
329684.697,1782.842,8.859,0,0,1737.677,139837.677,239.5,-86.204,0.269,0
337298.425,1744.797,8.839,0,0,1737.677,139837.677,241.5,-86.204,0.285,0
337298.425,1744.797,8.839,0,0,1737.677,139837.677,243.5,-86.204,0.285,0
343150.75,1715.041,8.823,0,0,1737.677,139837.677,245.5,-86.204,0.297,0
346133.282,1699.697,8.816,0,0,1737.677,139837.677,247.5,-86.204,0.304,0
346133.282,1699.697,8.816,0,0,1737.677,139837.677,249.5,-86.204,0.304,0
353275.924,1662.432,8.797,0,0,1737.677,139837.677,251.5,-86.204,0.321,0
358816.087,1632.998,8.782,0,0,1737.677,139837.677,253.5,-86.204,0.333,0
360140.992,1625.886,8.779,0,0,1737.677,139837.677,255.5,-86.204,0.336,0
360140.992,1625.886,8.779,0,0,1737.677,139837.677,257.5,-86.204,0.336,0
365984.209,1594.183,8.764,0,0,1737.677,139837.677,259.5,-86.204,0.349,0
371650.533,1562.881,8.749,0,0,1737.677,139837.677,261.5,-86.204,0.363,0
373096.94,1554.797,8.745,0,0,1737.677,139837.677,263.5,-86.204,0.367,0
378026.289,1526.954,8.733,0,0,1737.677,139837.677,265.5,-86.204,0.378,0
380163.87,1514.733,8.727,0,0,1737.677,139837.677,267.5,-86.204,0.385,0
382770.866,1499.709,8.72,0,0,1737.677,139837.677,269.5,-86.204,0.391,0
382770.866,1499.709,8.72,0,0,1737.677,139837.677,271.5,-86.204,0.391,0
389663.002,1459.294,8.703,0,0,1737.677,139837.677,273.5,-86.204,0.408,0
392361.443,1443.186,8.696,0,0,1737.677,139837.677,275.5,-86.204,0.414,0
392361.443,1443.186,8.696,0,0,1737.677,139837.677,277.5,-86.204,0.414,0
397576.628,1411.572,8.682,0,0,1737.677,139837.677,279.5,-86.204,0.428,0
397576.628,1411.572,8.682,0,0,1737.677,139837.677,281.5,-86.204,0.428,0
402970.837,1378.159,8.668,0,0,1737.677,139837.677,283.5,-86.204,0.443,0
402970.837,1378.159,8.668,0,0,1737.677,139837.677,285.5,-86.204,0.443,0
408035.896,1346.085,8.656,0,0,1737.677,139837.677,287.5,-86.204,0.457,0
410410.182,1330.799,8.65,0,0,1737.677,139837.677,289.5,-86.204,0.463,0
410410.182,1330.799,8.65,0,0,1737.677,139837.677,291.5,-86.204,0.463,0
415483.905,1297.572,8.637,0,0,1737.677,139837.677,293.5,-86.204,0.477,0
415483.905,1297.572,8.637,0,0,1737.677,139837.677,295.5,-86.204,0.477,0
415483.905,1297.572,8.637,0,0,1737.677,139837.677,297.5,-86.204,0.477,0
424153.125,1238.852,8.615,0,0,1737.677,139837.677,299.5,-86.204,0.502,0
424153.125,1238.852,8.615,0,0,1737.677,139837.677,301.5,-86.204,0.502,0
424153.125,1238.852,8.615,0,0,1737.677,139837.677,303.5,-86.204,0.502,0
430008.608,1197.657,8.6,0,0,1737.677,139837.677,305.5,-86.204,0.52,0
430008.608,1197.657,8.6,0,0,1737.677,139837.677,307.5,-86.204,0.52,0
430008.608,1197.657,8.6,0,0,1737.677,139837.677,309.5,-86.204,0.52,0
437212.379,1145.05,8.582,0,0,1737.677,139837.677,311.5,-86.204,0.542,0
437212.379,1145.05,8.582,0,0,1737.677,139837.677,313.5,-86.204,0.542,0
443583.967,1096.51,8.566,0,0,1737.677,139837.677,315.5,-86.204,0.564,0
443583.967,1096.51,8.566,0,0,1737.677,139837.677,317.5,-86.204,0.564,0
443583.967,1096.51,8.566,0,0,1737.677,139837.677,319.5,-86.204,0.564,0
443583.967,1096.51,8.566,0,0,1737.677,139837.677,321.5,-86.204,0.564,0
443583.967,1096.51,8.566,0,0,1737.677,139837.677,323.5,-86.204,0.564,0
444108.46,1092.423,8.538,0,0,1737.677,139837.677,324,-86.204,0.563,0.016
446272.565,1075.4,8.533,0,0,1737.677,139837.677,326,-86.204,0.562,0.016
448402.601,1058.389,8.529,0,0,1737.677,139837.677,328,-86.204,0.561,0.016
450498.479,1041.389,8.523,0,0,1737.677,139837.677,330,-86.204,0.56,0.016
452560.309,1024.401,8.521,0,0,1737.677,139837.677,332,-86.204,0.559,0.015
454588.108,1007.425,8.513,0,0,1737.677,139837.677,334,-86.204,0.558,0.015
456581.772,990.461,8.506,0,0,1737.677,139837.677,336,-86.204,0.557,0.015
458541.494,973.507,8.502,0,0,1737.677,139837.677,338,-86.204,0.556,0.015
460467.182,956.566,8.498,0,0,1737.677,139837.677,340,-86.204,0.555,0.014
462358.907,939.635,8.494,0,0,1737.677,139837.677,342,-86.204,0.554,0.014
464216.62,922.714,8.487,0,0,1737.677,139837.677,344,-86.204,0.552,0.014
466040.427,905.806,8.483,0,0,1737.677,139837.677,346,-86.204,0.551,0.013
467830.378,888.908,8.481,0,0,1737.677,139837.677,348,-86.204,0.55,0.014
469586.266,872.022,8.476,0,0,1737.677,139837.677,350,-86.204,0.549,0.013
471308.338,855.145,8.471,0,0,1737.677,139837.677,352,-86.204,0.548,0.013
472996.569,838.28,8.468,0,0,1737.677,139837.677,354,-86.204,0.547,0.013
474650.864,821.425,8.462,0,0,1737.677,139837.677,356,-86.204,0.546,0.013
476271.393,804.581,8.459,0,0,1737.677,139837.677,358,-86.204,0.545,0.012
477858.001,787.747,8.453,0,0,1737.677,139837.677,360,-86.204,0.544,0.012
479410.898,770.926,8.449,0,0,1737.677,139837.677,362,-86.204,0.543,0.012
480929.967,754.113,8.446,0,0,1737.677,139837.677,364,-86.204,0.541,0.012
482415.237,737.312,8.444,0,0,1737.677,139837.677,366,-86.204,0.54,0.011
483866.698,720.522,8.441,0,0,1737.677,139837.677,368,-86.204,0.54,0.011
485284.511,703.742,8.438,0,0,1737.677,139837.677,370,-86.204,0.538,0.011
486668.486,686.974,8.429,0,0,1737.677,139837.677,372,-86.204,0.537,0.011
488018.853,670.218,8.428,0,0,1737.677,139837.677,374,-86.204,0.536,0.01
489335.396,653.471,8.427,0,0,1737.677,139837.677,376,-86.204,0.535,0.01
490618.252,636.735,8.422,0,0,1737.677,139837.677,378,-86.204,0.534,0.01
491867.505,620.014,8.419,0,0,1737.677,139837.677,380,-86.204,0.533,0.01
493083.016,603.304,8.417,0,0,1737.677,139837.677,382,-86.204,0.532,0.009
494264.857,586.606,8.414,0,0,1737.677,139837.677,384,-86.204,0.53,0.009
495413.148,569.92,8.411,0,0,1737.677,139837.677,386,-86.204,0.529,0.009
496527.637,553.248,8.408,0,0,1737.677,139837.677,388,-86.204,0.528,0.009
497608.619,536.59,8.405,0,0,1737.677,139837.677,390,-86.204,0.527,0.008
498656.048,519.946,8.402,0,0,1737.677,139837.677,392,-86.204,0.526,0.008
499669.737,503.317,8.402,0,0,1737.677,139837.677,394,-86.204,0.525,0.008
500649.92,486.703,8.397,0,0,1737.677,139837.677,396,-86.204,0.523,0.008
501596.526,470.107,8.397,0,0,1737.677,139837.677,398,-86.204,0.522,0.007
502509.416,453.528,8.394,0,0,1737.677,139837.677,400,-86.204,0.522,0.007
503388.78,436.969,8.392,0,0,1737.677,139837.677,402,-86.204,0.52,0.007
504234.662,420.432,8.39,0,0,1737.677,139837.677,404,-86.204,0.519,0.007
505046.851,403.917,8.387,0,0,1737.677,139837.677,406,-86.204,0.517,0.007
505825.612,387.429,8.386,0,0,1737.677,139837.677,408,-86.204,0.517,0.006
506570.785,370.969,8.383,0,0,1737.677,139837.677,410,-86.204,0.515,0.006
507282.41,354.542,8.38,0,0,1737.677,139837.677,412,-86.204,0.514,0.006
507960.545,338.148,8.379,0,0,1737.677,139837.677,414,-86.204,0.513,0.006
508605.194,321.795,8.378,0,0,1737.677,139837.677,416,-86.204,0.512,0.005
509216.276,305.488,8.377,0,0,1737.677,139837.677,418,-86.204,0.511,0.005
509793.903,289.233,8.375,0,0,1737.677,139837.677,420,-86.204,0.509,0.005
510337.958,273.039,8.374,0,0,1737.677,139837.677,422,-86.204,0.508,0.005
510848.555,256.919,8.373,0,0,1737.677,139837.677,424,-86.204,0.507,0.005
511325.689,240.884,8.372,0,0,1737.677,139837.677,426,-86.204,0.506,0.004
511769.268,224.953,8.371,0,0,1737.677,139837.677,428,-86.204,0.504,0.004
512179.479,209.149,8.369,0,0,1737.677,139837.677,430,-86.204,0.503,0.004
512556.106,193.503,8.369,0,0,1737.677,139837.677,432,-86.204,0.502,0.004
512899.338,178.055,8.368,0,0,1737.677,139837.677,434,-86.204,0.501,0.004
513209.08,162.861,8.367,0,0,1737.677,139837.677,436,-86.204,0.5,0.003
513485.334,147.999,8.367,0,0,1737.677,139837.677,438,-86.204,0.499,0.003
513728.164,133.579,8.366,0,0,1737.677,139837.677,440,-86.204,0.497,0.003
482342.756,738.066,8.469,0,0,1737.677,139837.677,461.12,-86.204,0.856,0
458488.152,973.896,8.528,0,0,1737.677,139837.677,481.12,-86.204,0.957,0
458488.152,973.896,8.528,0,0,1737.677,139837.677,501.12,-86.204,0.957,0
426192.364,1224.583,8.609,0,0,1737.677,139837.677,521.12,-86.204,1.065,0
379735.037,1517.138,8.728,0,0,1737.677,139837.677,541.12,-86.204,1.19,0
379735.037,1517.138,8.728,0,0,1737.677,139837.677,561.12,-86.204,1.19,0
332303.561,1769.792,8.852,0,0,1737.677,139837.677,581.12,-86.204,1.299,0
288385.561,1977.802,8.969,0,0,1737.677,139837.677,601.12,-86.204,1.388,0
271631.252,2052.272,9.014,0,0,1737.677,139837.677,621.12,-86.204,1.42,0
204317.841,2330.896,9.2,0,0,1737.677,139837.677,641.12,-86.204,1.539,0
204317.841,2330.896,9.2,0,0,1737.677,139837.677,661.12,-86.204,1.539,0
109913.04,2681.191,9.469,0,0,1737.677,139837.677,681.12,-86.204,1.689,0
25981.278,2965.372,14224.205,463306.207,0,1737.677,139837.677,681.14,-50.624,1.811,1449.475
25921.969,2965.5,6.383,467665.335,0,1737.677,139837.677,681.16,-50.683,1.811,0.345
25862.655,2965.626,6.356,472066.925,0,1737.677,139837.677,681.18,-50.742,1.811,0.347
25803.34,2965.752,6.322,476510.963,0,1737.677,139837.677,681.2,-50.801,1.811,0.351
25744.022,2965.878,6.291,480998.238,0,1737.677,139837.677,681.22,-50.86,1.811,0.354
25684.703,2966.003,6.257,485528.964,0,1737.677,139837.677,681.24,-50.919,1.811,0.357
25625.379,2966.127,6.23,490103.722,0,1737.677,139837.677,681.26,-50.978,1.811,0.36
25566.055,2966.251,6.196,494722.724,0,1737.677,139837.677,681.28,-51.036,1.811,0.364
25506.727,2966.374,6.162,499386.718,0,1737.677,139837.677,681.3,-51.095,1.811,0.367
25447.398,2966.496,6.141,504095.845,0,1737.677,139837.677,681.32,-51.154,1.811,0.369
25388.066,2966.618,6.097,508850.868,0,1737.677,139837.677,681.34,-51.213,1.811,0.374
25328.732,2966.739,6.057,513651.771,0,1737.677,139837.677,681.36,-51.272,1.811,0.378
25269.395,2966.859,6.032,518499.57,0,1737.677,139837.677,681.38,-51.331,1.811,0.38
25210.056,2966.978,5.989,523394.254,0,1737.677,139837.677,681.4,-51.39,1.811,0.385
25150.714,2967.097,5.961,528336.776,0,1737.677,139837.677,681.42,-51.448,1.811,0.387
25091.371,2967.216,5.934,533327.125,0,1737.677,139837.677,681.44,-51.507,1.811,0.391
25032.024,2967.333,5.893,538366.141,0,1737.677,139837.677,681.46,-51.566,1.811,0.395
24972.676,2967.45,5.846,543453.911,0,1737.677,139837.677,681.48,-51.625,1.811,0.399
24913.325,2967.566,5.825,548591.436,0,1737.677,139837.677,681.5,-51.684,1.811,0.402
24853.972,2967.681,5.781,553778.757,0,1737.677,139837.677,681.52,-51.743,1.811,0.406
24794.616,2967.796,5.747,559016.747,0,1737.677,139837.677,681.54,-51.802,1.811,0.41
24735.258,2967.909,5.703,564305.448,0,1737.677,139837.677,681.56,-51.861,1.811,0.414
24675.897,2968.022,5.669,569645.836,0,1737.677,139837.677,681.58,-51.92,1.811,0.418
24616.536,2968.135,5.635,575038.078,0,1737.677,139837.677,681.6,-51.978,1.811,0.421
24557.17,2968.246,5.59,580483.015,0,1737.677,139837.677,681.62,-52.037,1.811,0.426
24497.803,2968.357,5.56,585980.85,0,1737.677,139837.677,681.64,-52.096,1.811,0.429
24438.434,2968.467,5.522,591532.385,0,1737.677,139837.677,681.66,-52.155,1.811,0.433
24379.062,2968.577,5.482,597137.942,0,1737.677,139837.677,681.68,-52.214,1.811,0.437
24319.688,2968.685,5.431,602798.093,0,1737.677,139837.677,681.7,-52.273,1.811,0.442
24260.312,2968.792,5.4,608513.387,0,1737.677,139837.677,681.72,-52.332,1.811,0.445
24200.933,2968.899,5.366,614284.624,0,1737.677,139837.677,681.74,-52.391,1.811,0.449
24141.553,2969.005,5.308,620111.83,0,1737.677,139837.677,681.76,-52.45,1.811,0.454
24082.172,2969.111,5.284,625995.95,0,1737.677,139837.677,681.78,-52.509,1.811,0.457
24022.788,2969.215,5.227,631937.356,0,1737.677,139837.677,681.8,-52.568,1.811,0.463
23963.402,2969.318,5.196,637936.883,0,1737.677,139837.677,681.82,-52.627,1.811,0.466
23904.013,2969.421,5.145,643994.951,0,1737.677,139837.677,681.84,-52.686,1.811,0.471
23844.623,2969.523,5.111,650112.05,0,1737.677,139837.677,681.86,-52.744,1.811,0.475
23785.23,2969.623,5.054,656288.869,0,1737.677,139837.677,681.88,-52.803,1.811,0.48
23725.836,2969.723,5.02,662526.011,0,1737.677,139837.677,681.9,-52.862,1.811,0.484
23666.438,2969.822,4.972,668824.141,0,1737.677,139837.677,681.92,-52.921,1.811,0.489
23607.04,2969.92,4.924,675183.708,0,1737.677,139837.677,681.94,-52.98,1.811,0.494
23547.641,2970.018,4.88,681605.218,0,1737.677,139837.677,681.96,-53.039,1.811,0.498
23488.238,2970.114,4.843,688089.717,0,1737.677,139837.677,681.98,-53.098,1.811,0.502
23428.835,2970.209,4.785,694637.411,0,1737.677,139837.677,682,-53.157,1.811,0.508
23369.428,2970.304,4.741,701249.256,0,1737.677,139837.677,682.02,-53.216,1.811,0.512
23310.02,2970.397,4.7,707925.571,0,1737.677,139837.677,682.04,-53.275,1.811,0.517
23250.611,2970.49,4.646,714667.068,0,1737.677,139837.677,682.06,-53.334,1.811,0.522
23191.199,2970.582,4.605,721474.667,0,1737.677,139837.677,682.08,-53.393,1.811,0.526
23131.786,2970.672,4.548,728348.695,0,1737.677,139837.677,682.1,-53.452,1.811,0.532
23072.37,2970.762,4.51,735290.274,0,1737.677,139837.677,682.12,-53.511,1.811,0.536
23012.953,2970.851,4.463,742306.725,0,1737.677,139837.677,682.14,-53.57,1.811,0.541
22953.535,2970.938,4.412,749397.408,0,1737.677,139837.677,682.16,-53.629,1.811,0.546
22894.114,2971.025,4.347,756557.804,0,1737.677,139837.677,682.18,-53.688,1.811,0.553
22834.692,2971.111,4.303,763788.138,0,1737.677,139837.677,682.2,-53.747,1.811,0.557
22775.267,2971.196,4.269,771089.847,0,1737.677,139837.677,682.22,-53.806,1.811,0.561
22715.841,2971.279,4.198,778462.785,0,1737.677,139837.677,682.24,-53.865,1.811,0.568
22656.414,2971.362,4.15,785907.92,0,1737.677,139837.677,682.26,-53.924,1.811,0.573
22596.984,2971.443,4.1,793426.344,0,1737.677,139837.677,682.28,-53.983,1.811,0.578
22537.553,2971.524,4.049,801018.428,0,1737.677,139837.677,682.3,-54.042,1.811,0.583
22478.122,2971.603,3.988,808684.777,0,1737.677,139837.677,682.32,-54.101,1.811,0.59
22418.687,2971.681,3.94,816426.517,0,1737.677,139837.677,682.34,-54.16,1.811,0.595
22359.252,2971.758,3.879,824244.077,0,1737.677,139837.677,682.36,-54.219,1.811,0.601
22299.817,2971.834,3.832,832138.301,0,1737.677,139837.677,682.38,-54.278,1.811,0.606
22240.377,2971.909,3.767,840110.073,0,1737.677,139837.677,682.4,-54.337,1.811,0.612
22180.938,2971.983,3.717,848160.198,0,1737.677,139837.677,682.42,-54.396,1.811,0.618
22121.498,2972.056,3.656,856289.044,0,1737.677,139837.677,682.44,-54.455,1.811,0.624
22062.054,2972.127,3.598,864498.085,0,1737.677,139837.677,682.46,-54.514,1.811,0.63
22002.609,2972.198,3.544,872787.584,0,1737.677,139837.677,682.48,-54.573,1.811,0.635
21943.165,2972.267,3.483,881158.261,0,1737.677,139837.677,682.5,-54.632,1.811,0.642
21883.717,2972.334,3.422,889611.431,0,1737.677,139837.677,682.52,-54.691,1.811,0.648
21824.268,2972.401,3.371,898147.51,0,1737.677,139837.677,682.54,-54.75,1.811,0.653
21764.819,2972.467,3.297,906767.33,0,1737.677,139837.677,682.56,-54.809,1.811,0.661
21705.37,2972.531,3.243,915471.64,0,1737.677,139837.677,682.58,-54.868,1.811,0.666
21645.917,2972.594,3.182,924261.963,0,1737.677,139837.677,682.6,-54.928,1.811,0.673
21586.464,2972.656,3.111,933138.277,0,1737.677,139837.677,682.62,-54.987,1.811,0.68
21527.01,2972.716,3.057,942101.811,0,1737.677,139837.677,682.64,-55.046,1.811,0.685
21467.556,2972.775,2.99,951153.223,0,1737.677,139837.677,682.66,-55.105,1.811,0.692
21408.099,2972.833,2.929,960294,0,1737.677,139837.677,682.68,-55.164,1.811,0.699
21348.641,2972.89,2.879,969524.659,0,1737.677,139837.677,682.7,-55.223,1.811,0.704
21289.183,2972.945,2.791,978845.719,0,1737.677,139837.677,682.72,-55.282,1.811,0.713
21229.722,2972.999,2.73,988258.773,0,1737.677,139837.677,682.74,-55.341,1.811,0.719
21170.26,2973.052,2.673,997764.383,0,1737.677,139837.677,682.76,-55.4,1.811,0.725
21110.798,2973.103,2.602,1007363.315,0,1737.677,139837.677,682.78,-55.459,1.811,0.732
21051.336,2973.153,2.535,1017056.404,0,1737.677,139837.677,682.8,-55.518,1.811,0.739
20991.873,2973.202,2.472,1026845.031,0,1737.677,139837.677,682.82,-55.577,1.811,0.746
20932.407,2973.249,2.397,1036730.036,0,1737.677,139837.677,682.84,-55.636,1.811,0.754
20872.941,2973.294,2.331,1046712.172,0,1737.677,139837.677,682.86,-55.695,1.811,0.761
20813.474,2973.339,2.257,1056792.31,0,1737.677,139837.677,682.88,-55.754,1.811,0.768
20754.008,2973.382,2.183,1066971.608,0,1737.677,139837.677,682.9,-55.814,1.811,0.776
20694.541,2973.423,2.116,1077250.814,0,1737.677,139837.677,682.92,-55.873,1.811,0.783
20635.071,2973.463,2.05,1087631.691,0,1737.677,139837.677,682.94,-55.932,1.811,0.79
20575.6,2973.501,1.966,1098114.5,0,1737.677,139837.677,682.96,-55.991,1.811,0.798
20516.129,2973.538,1.9,1108700.519,0,1737.677,139837.677,682.98,-56.05,1.811,0.805
20456.659,2973.574,1.834,1119390.602,0,1737.677,139837.677,683,-56.109,1.811,0.812
20397.187,2973.608,1.758,1130185.718,0,1737.677,139837.677,683.02,-56.168,1.811,0.82
20337.713,2973.64,1.679,1141087.532,0,1737.677,139837.677,683.04,-56.227,1.811,0.829
20278.239,2973.671,1.604,1152096.394,0,1737.677,139837.677,683.06,-56.286,1.811,0.837
20218.765,2973.7,1.531,1163213.565,0,1737.677,139837.677,683.08,-56.345,1.811,0.844
20159.29,2973.728,1.453,1174440.249,0,1737.677,139837.677,683.1,-56.404,1.811,0.853
20099.815,2973.754,1.376,1185777.041,0,1737.677,139837.677,683.12,-56.464,1.811,0.861
20040.341,2973.779,1.29,1197099.803,0,1737.677,139837.677,683.14,-56.5,1.811,0.87
19980.866,2973.802,1.225,1208327.232,0,1737.677,139837.677,683.16,-56.5,1.811,0.878
19921.391,2973.823,1.154,1219658.772,0,1737.677,139837.677,683.18,-56.5,1.811,0.885
19861.913,2973.843,1.079,1231096.261,0,1737.677,139837.677,683.2,-56.5,1.811,0.894
19802.435,2973.86,0.995,1242639.59,0,1737.677,139837.677,683.22,-56.5,1.811,0.903
19742.956,2973.877,0.923,1254290.137,0,1737.677,139837.677,683.24,-56.5,1.811,0.911
19683.478,2973.891,0.866,1266048.681,0,1737.677,139837.677,683.26,-56.5,1.811,0.918
19624,2973.904,0.773,1277916.211,0,1737.677,139837.677,683.28,-56.5,1.811,0.929
19564.521,2973.916,0.721,1289893.725,0,1737.677,139837.677,683.3,-56.5,1.811,0.936
17482.943,2973.113,2.979,1786674.477,0,1737.677,139837.677,684,-56.5,1.811,1.295
11552.961,2950.817,21.915,4464396.128,0,1737.677,139837.677,686,-56.5,1.811,3.23
5715.068,2877.764,52.327,8729151.508,0,1737.677,139837.677,688,-22.115,1.811,6.333
91.052,2734.601,91.377,14199786.3,0,1737.677,139837.677,690,14.408,1.811,10.317
0.022,0,0,14288872.655,0,0,138100,690.04,15,1.811,0.999
